timestamp,rmssd
2024-03-01T22:00:00,57.477
2024-03-01T22:05:00,88.861
2024-03-01T22:10:00,53.968
2024-03-01T22:15:00,30.086
2024-03-01T22:20:00,38.619
2024-03-01T22:25:00,20.565
2024-03-01T22:30:00,31.456
2024-03-01T22:35:00,55.289
2024-03-01T22:40:00,52.658
2024-03-01T22:45:00,70.946
2024-03-01T22:50:00,38.632
2024-03-01T22:55:00,31.760
2024-03-01T23:00:00,75.416
2024-03-01T23:05:00,84.837
2024-03-01T23:10:00,47.540
2024-03-01T23:15:00,64.326
2024-03-01T23:20:00,27.668
2024-03-01T23:25:00,39.408
2024-03-01T23:30:00,77.546
2024-03-01T23:35:00,57.103
2024-03-01T23:40:00,84.946
2024-03-01T23:45:00,76.352
2024-03-01T23:50:00,46.595
2024-03-01T23:55:00,51.779
2024-03-02T00:00:00,82.877
2024-03-02T00:05:00,71.164
2024-03-02T00:10:00,62.082
2024-03-02T00:15:00,74.018
2024-03-02T00:20:00,56.577
2024-03-02T00:25:00,54.727
2024-03-02T00:30:00,83.402
2024-03-02T00:35:00,60.854
2024-03-02T00:40:00,51.321
2024-03-02T00:45:00,88.558
2024-03-02T00:50:00,49.278
2024-03-02T00:55:00,81.904
2024-03-02T01:00:00,42.720
2024-03-02T01:05:00,21.733
2024-03-02T01:10:00,63.932
2024-03-02T01:15:00,45.415
2024-03-02T01:20:00,37.714
2024-03-02T01:25:00,74.112
2024-03-02T01:30:00,51.136
2024-03-02T01:35:00,42.739
2024-03-02T01:40:00,64.833
2024-03-02T01:45:00,36.021
2024-03-02T01:50:00,69.260
2024-03-02T01:55:00,43.119
2024-03-02T02:00:00,42.098
2024-03-02T02:05:00,33.943
2024-03-02T02:10:00,63.429
2024-03-02T02:15:00,88.977
2024-03-02T02:20:00,34.589
2024-03-02T02:25:00,61.014
2024-03-02T02:30:00,66.053
2024-03-02T02:35:00,74.825
2024-03-02T02:40:00,42.412
2024-03-02T02:45:00,37.772
2024-03-02T02:50:00,77.588
2024-03-02T02:55:00,22.061
2024-03-02T03:00:00,46.577
2024-03-02T03:05:00,57.226
2024-03-02T03:10:00,71.588
2024-03-02T03:15:00,63.072
2024-03-02T03:20:00,38.387
2024-03-02T03:25:00,52.508
2024-03-02T03:30:00,24.919
2024-03-02T03:35:00,43.103
2024-03-02T03:40:00,79.333
2024-03-02T03:45:00,43.082
2024-03-02T03:50:00,70.681
2024-03-02T03:55:00,80.210
2024-03-02T04:00:00,36.927
2024-03-02T04:05:00,33.421
2024-03-02T04:10:00,89.730
2024-03-02T04:15:00,32.683
2024-03-02T04:20:00,43.563
2024-03-02T04:25:00,80.425
2024-03-02T04:30:00,21.423
2024-03-02T04:35:00,25.299
2024-03-02T04:40:00,84.532
2024-03-02T04:45:00,87.612
2024-03-02T04:50:00,51.203
2024-03-02T04:55:00,77.543
2024-03-02T05:00:00,83.085
2024-03-02T05:05:00,47.608
2024-03-02T05:10:00,69.586
2024-03-02T05:15:00,30.320
2024-03-02T05:20:00,59.170
2024-03-02T05:25:00,30.588
2024-03-02T05:30:00,30.125
2024-03-02T05:35:00,82.892
2024-03-02T05:40:00,52.078
2024-03-02T05:45:00,23.902
2024-03-02T05:50:00,25.851
2024-03-02T05:55:00,84.465
