Timestamp,Temperature (°C),Relative Humidity (%),Pressure (hPa),Sensor ID
2024-03-01T22:00:00,22.000,45.003,1010.006,sample
2024-03-01T22:01:00,21.995,45.313,1010.021,sample
2024-03-01T22:02:00,21.995,45.627,1010.026,sample
2024-03-01T22:03:00,22.007,45.937,1010.030,sample
2024-03-01T22:04:00,21.996,46.242,1010.042,sample
2024-03-01T22:05:00,22.008,46.551,1010.061,sample
2024-03-01T22:06:00,21.994,46.836,1010.072,sample
2024-03-01T22:07:00,22.007,47.120,1010.093,sample
2024-03-01T22:08:00,22.010,47.414,1010.091,sample
2024-03-01T22:09:00,22.009,47.677,1010.116,sample
2024-03-01T22:10:00,21.999,47.936,1010.110,sample
2024-03-01T22:11:00,21.990,48.194,1010.141,sample
2024-03-01T22:12:00,21.992,48.417,1010.137,sample
2024-03-01T22:13:00,21.996,48.653,1010.149,sample
2024-03-01T22:14:00,22.008,48.852,1010.163,sample
2024-03-01T22:15:00,21.996,49.055,1010.180,sample
2024-03-01T22:16:00,22.002,49.216,1010.183,sample
2024-03-01T22:17:00,22.010,49.374,1010.208,sample
2024-03-01T22:18:00,22.000,49.518,1010.223,sample
2024-03-01T22:19:00,21.994,49.650,1010.220,sample
2024-03-01T22:20:00,21.991,49.755,1010.238,sample
2024-03-01T22:21:00,22.005,49.836,1010.255,sample
2024-03-01T22:22:00,22.007,49.915,1010.260,sample
2024-03-01T22:23:00,22.008,49.963,1010.268,sample
2024-03-01T22:24:00,22.006,49.994,1010.290,sample
2024-03-01T22:25:00,21.998,49.994,1010.300,sample
2024-03-01T22:26:00,22.001,49.985,1010.321,sample
2024-03-01T22:27:00,22.001,49.959,1010.324,sample
2024-03-01T22:28:00,22.004,49.906,1010.341,sample
2024-03-01T22:29:00,21.994,49.843,1010.349,sample
2024-03-01T22:30:00,22.006,49.754,1010.362,sample
2024-03-01T22:31:00,21.991,49.646,1010.377,sample
2024-03-01T22:32:00,21.998,49.521,1010.380,sample
2024-03-01T22:33:00,21.991,49.379,1010.394,sample
2024-03-01T22:34:00,21.995,49.226,1010.408,sample
2024-03-01T22:35:00,22.009,49.041,1010.423,sample
2024-03-01T22:36:00,21.998,48.858,1010.432,sample
2024-03-01T22:37:00,22.003,48.639,1010.447,sample
2024-03-01T22:38:00,22.003,48.425,1010.446,sample
2024-03-01T22:39:00,22.008,48.184,1010.463,sample
2024-03-01T22:40:00,22.000,47.935,1010.486,sample
2024-03-01T22:41:00,22.009,47.685,1010.488,sample
2024-03-01T22:42:00,21.990,47.417,1010.508,sample
2024-03-01T22:43:00,22.008,47.125,1010.520,sample
2024-03-01T22:44:00,21.991,46.831,1010.523,sample
2024-03-01T22:45:00,21.995,46.550,1010.545,sample
2024-03-01T22:46:00,22.002,46.249,1010.547,sample
2024-03-01T22:47:00,21.996,45.928,1010.557,sample
2024-03-01T22:48:00,22.004,45.634,1010.582,sample
2024-03-01T22:49:00,21.993,45.305,1010.594,sample
2024-03-01T22:50:00,21.995,45.005,1010.603,sample
2024-03-01T22:51:00,22.000,44.694,1010.605,sample
2024-03-01T22:52:00,22.001,44.366,1010.620,sample
2024-03-01T22:53:00,21.999,44.068,1010.627,sample
2024-03-01T22:54:00,21.991,43.757,1010.646,sample
2024-03-01T22:55:00,21.998,43.453,1010.653,sample
2024-03-01T22:56:00,21.997,43.154,1010.678,sample
2024-03-01T22:57:00,22.004,42.872,1010.692,sample
2024-03-01T22:58:00,22.009,42.600,1010.703,sample
2024-03-01T22:59:00,22.006,42.318,1010.708,sample
2024-03-01T23:00:00,22.009,42.057,1010.718,sample
2024-03-01T23:01:00,22.001,41.805,1010.737,sample
2024-03-01T23:02:00,21.999,41.573,1010.741,sample
2024-03-01T23:03:00,22.005,41.355,1010.754,sample
2024-03-01T23:04:00,22.002,41.150,1010.762,sample
2024-03-01T23:05:00,22.009,40.953,1010.783,sample
2024-03-01T23:06:00,21.998,40.787,1010.797,sample
2024-03-01T23:07:00,22.010,40.609,1010.806,sample
2024-03-01T23:08:00,21.999,40.471,1010.826,sample
2024-03-01T23:09:00,22.008,40.354,1010.827,sample
2024-03-01T23:10:00,22.008,40.254,1010.842,sample
2024-03-01T23:11:00,22.002,40.165,1010.851,sample
2024-03-01T23:12:00,21.998,40.088,1010.870,sample
2024-03-01T23:13:00,22.000,40.048,1010.871,sample
2024-03-01T23:14:00,21.992,40.010,1010.880,sample
2024-03-01T23:15:00,21.993,40.002,1010.900,sample
2024-03-01T23:16:00,21.993,40.019,1010.903,sample
2024-03-01T23:17:00,22.006,40.037,1010.927,sample
2024-03-01T23:18:00,21.992,40.097,1010.941,sample
2024-03-01T23:19:00,22.003,40.158,1010.958,sample
2024-03-01T23:20:00,22.006,40.244,1010.953,sample
2024-03-01T23:21:00,22.004,40.341,1010.970,sample
2024-03-01T23:22:00,21.998,40.479,1010.985,sample
2024-03-01T23:23:00,21.995,40.622,1010.987,sample
2024-03-01T23:24:00,21.992,40.786,1011.008,sample
2024-03-01T23:25:00,21.991,40.956,1011.016,sample
2024-03-01T23:26:00,21.994,41.147,1011.041,sample
2024-03-01T23:27:00,21.996,41.349,1011.045,sample
2024-03-01T23:28:00,22.009,41.572,1011.064,sample
2024-03-01T23:29:00,21.995,41.812,1011.067,sample
2024-03-01T23:30:00,22.005,42.054,1011.087,sample
2024-03-01T23:31:00,22.007,42.324,1011.100,sample
2024-03-01T23:32:00,21.999,42.583,1011.109,sample
2024-03-01T23:33:00,22.000,42.874,1011.121,sample
2024-03-01T23:34:00,21.991,43.153,1011.132,sample
2024-03-01T23:35:00,21.992,43.449,1011.139,sample
2024-03-01T23:36:00,22.002,43.752,1011.143,sample
2024-03-01T23:37:00,22.009,44.054,1011.163,sample
2024-03-01T23:38:00,21.993,44.382,1011.175,sample
2024-03-01T23:39:00,22.007,44.678,1011.188,sample
2024-03-01T23:40:00,21.999,45.007,1011.208,sample
2024-03-01T23:41:00,22.002,45.319,1011.221,sample
2024-03-01T23:42:00,21.995,45.631,1011.218,sample
2024-03-01T23:43:00,21.990,45.930,1011.243,sample
2024-03-01T23:44:00,22.003,46.235,1011.255,sample
2024-03-01T23:45:00,22.000,46.551,1011.263,sample
2024-03-01T23:46:00,22.002,46.848,1011.280,sample
2024-03-01T23:47:00,21.997,47.125,1011.282,sample
2024-03-01T23:48:00,22.007,47.399,1011.303,sample
2024-03-01T23:49:00,21.992,47.676,1011.306,sample
2024-03-01T23:50:00,21.995,47.943,1011.319,sample
2024-03-01T23:51:00,22.004,48.194,1011.340,sample
2024-03-01T23:52:00,21.996,48.414,1011.339,sample
2024-03-01T23:53:00,21.997,48.654,1011.356,sample
2024-03-01T23:54:00,21.996,48.851,1011.375,sample
2024-03-01T23:55:00,22.002,49.041,1011.377,sample
2024-03-01T23:56:00,22.006,49.230,1011.385,sample
2024-03-01T23:57:00,22.003,49.376,1011.396,sample
2024-03-01T23:58:00,21.993,49.525,1011.416,sample
2024-03-01T23:59:00,22.006,49.644,1011.428,sample
2024-03-02T00:00:00,21.991,49.755,1011.444,sample
2024-03-02T00:01:00,22.153,49.851,1011.452,sample
2024-03-02T00:02:00,22.284,49.916,1011.474,sample
2024-03-02T00:03:00,22.440,49.961,1011.481,sample
2024-03-02T00:04:00,22.578,49.986,1011.481,sample
2024-03-02T00:05:00,22.736,50.005,1011.503,sample
2024-03-02T00:06:00,22.873,49.989,1011.506,sample
2024-03-02T00:07:00,23.026,49.962,1011.529,sample
2024-03-02T00:08:00,23.177,49.904,1011.531,sample
2024-03-02T00:09:00,23.315,49.851,1011.558,sample
2024-03-02T00:10:00,23.458,49.754,1011.566,sample
2024-03-02T00:11:00,23.604,49.653,1011.564,sample
2024-03-02T00:12:00,23.761,49.520,1011.589,sample
2024-03-02T00:13:00,23.915,49.381,1011.605,sample
2024-03-02T00:14:00,24.054,49.220,1011.599,sample
2024-03-02T00:15:00,24.195,49.038,1011.621,sample
2024-03-02T00:16:00,24.193,48.856,1011.641,sample
2024-03-02T00:17:00,24.198,48.655,1011.644,sample
2024-03-02T00:18:00,24.209,48.427,1011.663,sample
2024-03-02T00:19:00,24.192,48.195,1011.674,sample
2024-03-02T00:20:00,24.207,47.945,1011.680,sample
2024-03-02T00:21:00,24.202,47.672,1011.695,sample
2024-03-02T00:22:00,24.195,47.401,1011.710,sample
2024-03-02T00:23:00,24.203,47.137,1011.710,sample
2024-03-02T00:24:00,24.191,46.849,1011.721,sample
2024-03-02T00:25:00,24.193,46.545,1011.749,sample
2024-03-02T00:26:00,24.196,46.242,1011.755,sample
2024-03-02T00:27:00,24.196,45.933,1011.771,sample
2024-03-02T00:28:00,24.209,45.624,1011.775,sample
2024-03-02T00:29:00,24.195,45.311,1011.791,sample
2024-03-02T00:30:00,24.209,44.995,1011.808,sample
2024-03-02T00:31:00,24.190,44.679,1011.798,sample
2024-03-02T00:32:00,24.206,44.381,1011.791,sample
2024-03-02T00:33:00,24.201,44.064,1011.796,sample
2024-03-02T00:34:00,24.194,43.763,1011.790,sample
2024-03-02T00:35:00,24.195,43.454,1011.804,sample
2024-03-02T00:36:00,24.209,43.151,1011.807,sample
2024-03-02T00:37:00,24.195,42.871,1011.798,sample
2024-03-02T00:38:00,24.207,42.584,1011.801,sample
2024-03-02T00:39:00,24.193,42.329,1011.807,sample
2024-03-02T00:40:00,24.210,42.066,1011.802,sample
2024-03-02T00:41:00,24.202,41.819,1011.802,sample
2024-03-02T00:42:00,24.193,41.586,1011.798,sample
2024-03-02T00:43:00,24.210,41.346,1011.802,sample
2024-03-02T00:44:00,24.191,41.140,1011.800,sample
2024-03-02T00:45:00,24.197,40.955,1011.796,sample
2024-03-02T00:46:00,24.192,40.787,1011.794,sample
2024-03-02T00:47:00,24.201,40.617,1011.791,sample
2024-03-02T00:48:00,24.197,40.484,1011.803,sample
2024-03-02T00:49:00,24.191,40.361,1011.797,sample
2024-03-02T00:50:00,24.191,40.241,1011.810,sample
2024-03-02T00:51:00,24.209,40.154,1011.793,sample
2024-03-02T00:52:00,24.204,40.093,1011.804,sample
2024-03-02T00:53:00,24.205,40.032,1011.805,sample
2024-03-02T00:54:00,24.204,40.005,1011.793,sample
2024-03-02T00:55:00,24.194,39.992,1011.807,sample
2024-03-02T00:56:00,24.195,40.014,1011.799,sample
2024-03-02T00:57:00,24.194,40.032,1011.792,sample
2024-03-02T00:58:00,24.205,40.081,1011.804,sample
2024-03-02T00:59:00,24.201,40.148,1011.800,sample
2024-03-02T01:00:00,24.197,40.242,1011.803,sample
2024-03-02T01:01:00,24.208,40.348,1011.806,sample
2024-03-02T01:02:00,24.202,40.484,1011.802,sample
2024-03-02T01:03:00,24.197,40.615,1011.808,sample
2024-03-02T01:04:00,24.198,40.779,1011.801,sample
2024-03-02T01:05:00,24.204,40.946,1011.793,sample
2024-03-02T01:06:00,24.198,41.142,1011.790,sample
2024-03-02T01:07:00,24.202,41.352,1011.795,sample
2024-03-02T01:08:00,24.200,41.577,1011.799,sample
2024-03-02T01:09:00,24.210,41.816,1011.797,sample
2024-03-02T01:10:00,24.190,42.051,1011.806,sample
2024-03-02T01:11:00,24.204,42.314,1011.801,sample
2024-03-02T01:12:00,24.196,42.591,1011.793,sample
2024-03-02T01:13:00,24.203,42.877,1011.791,sample
2024-03-02T01:14:00,24.196,43.163,1011.794,sample
2024-03-02T01:15:00,24.208,43.449,1011.792,sample
2024-03-02T01:16:00,24.206,43.749,1011.795,sample
2024-03-02T01:17:00,24.202,44.071,1011.809,sample
2024-03-02T01:18:00,24.191,44.370,1011.804,sample
2024-03-02T01:19:00,24.198,44.691,1011.801,sample
2024-03-02T01:20:00,24.192,45.005,1011.793,sample
2024-03-02T01:21:00,24.204,45.314,1011.806,sample
2024-03-02T01:22:00,24.194,45.625,1011.805,sample
2024-03-02T01:23:00,24.202,45.928,1011.796,sample
2024-03-02T01:24:00,24.196,46.235,1011.801,sample
2024-03-02T01:25:00,24.205,46.547,1011.794,sample
2024-03-02T01:26:00,24.208,46.848,1011.808,sample
2024-03-02T01:27:00,24.210,47.137,1011.809,sample
2024-03-02T01:28:00,24.192,47.408,1011.799,sample
2024-03-02T01:29:00,24.201,47.673,1011.806,sample
2024-03-02T01:30:00,24.207,47.933,1011.805,sample
2024-03-02T01:31:00,24.200,48.183,1011.803,sample
2024-03-02T01:32:00,24.202,48.421,1011.798,sample
2024-03-02T01:33:00,24.198,48.648,1011.795,sample
2024-03-02T01:34:00,24.196,48.857,1011.802,sample
2024-03-02T01:35:00,24.192,49.039,1011.807,sample
2024-03-02T01:36:00,24.195,49.213,1011.804,sample
2024-03-02T01:37:00,24.206,49.376,1011.794,sample
2024-03-02T01:38:00,24.202,49.523,1011.803,sample
2024-03-02T01:39:00,24.205,49.646,1011.804,sample
2024-03-02T01:40:00,24.208,49.764,1011.799,sample
2024-03-02T01:41:00,24.200,49.835,1011.794,sample
2024-03-02T01:42:00,24.206,49.916,1011.803,sample
2024-03-02T01:43:00,24.200,49.951,1011.805,sample
2024-03-02T01:44:00,24.194,49.991,1011.790,sample
2024-03-02T01:45:00,24.205,49.991,1011.808,sample
2024-03-02T01:46:00,24.207,49.986,1011.805,sample
2024-03-02T01:47:00,24.210,49.957,1011.798,sample
2024-03-02T01:48:00,24.199,49.916,1011.802,sample
2024-03-02T01:49:00,24.205,49.840,1011.798,sample
2024-03-02T01:50:00,24.197,49.756,1011.791,sample
2024-03-02T01:51:00,24.206,49.649,1011.803,sample
2024-03-02T01:52:00,24.201,49.527,1011.802,sample
2024-03-02T01:53:00,24.191,49.387,1011.809,sample
2024-03-02T01:54:00,24.193,49.219,1011.795,sample
2024-03-02T01:55:00,24.209,49.048,1011.807,sample
2024-03-02T01:56:00,24.203,48.849,1011.804,sample
2024-03-02T01:57:00,24.192,48.648,1011.791,sample
2024-03-02T01:58:00,24.194,48.430,1011.807,sample
2024-03-02T01:59:00,24.195,48.194,1011.803,sample
2024-03-02T02:00:00,24.204,47.935,1011.805,sample
2024-03-02T02:01:00,24.197,47.688,1011.798,sample
2024-03-02T02:02:00,24.201,47.402,1011.799,sample
2024-03-02T02:03:00,24.199,47.137,1011.810,sample
2024-03-02T02:04:00,24.192,46.834,1011.797,sample
2024-03-02T02:05:00,24.204,46.539,1011.793,sample
2024-03-02T02:06:00,24.204,46.239,1011.790,sample
2024-03-02T02:07:00,24.193,45.939,1011.800,sample
2024-03-02T02:08:00,24.209,45.617,1011.802,sample
2024-03-02T02:09:00,24.192,45.319,1011.806,sample
2024-03-02T02:10:00,24.192,44.997,1011.807,sample
2024-03-02T02:11:00,24.205,44.686,1011.796,sample
2024-03-02T02:12:00,24.202,44.379,1011.797,sample
2024-03-02T02:13:00,24.202,44.057,1011.804,sample
2024-03-02T02:14:00,24.209,43.749,1011.799,sample
2024-03-02T02:15:00,24.199,43.460,1011.799,sample
2024-03-02T02:16:00,24.192,43.160,1011.799,sample
2024-03-02T02:17:00,24.197,42.868,1011.801,sample
2024-03-02T02:18:00,24.194,42.584,1011.799,sample
2024-03-02T02:19:00,24.208,42.329,1011.794,sample
2024-03-02T02:20:00,24.200,42.070,1011.806,sample
2024-03-02T02:21:00,24.194,41.821,1011.804,sample
2024-03-02T02:22:00,24.190,41.570,1011.797,sample
2024-03-02T02:23:00,24.198,41.362,1011.805,sample
2024-03-02T02:24:00,24.197,41.148,1011.805,sample
2024-03-02T02:25:00,24.196,40.950,1011.790,sample
2024-03-02T02:26:00,24.210,40.772,1011.800,sample
2024-03-02T02:27:00,24.203,40.611,1011.792,sample
2024-03-02T02:28:00,24.198,40.477,1011.808,sample
2024-03-02T02:29:00,24.191,40.356,1011.806,sample
2024-03-02T02:30:00,24.201,40.254,1011.797,sample
2024-03-02T02:31:00,24.200,40.149,1011.806,sample
2024-03-02T02:32:00,24.201,40.087,1011.794,sample
2024-03-02T02:33:00,24.204,40.046,1011.793,sample
2024-03-02T02:34:00,24.199,40.006,1011.808,sample
2024-03-02T02:35:00,24.194,40.006,1011.796,sample
2024-03-02T02:36:00,24.197,40.003,1011.810,sample
2024-03-02T02:37:00,24.206,40.042,1011.791,sample
2024-03-02T02:38:00,24.193,40.088,1011.805,sample
2024-03-02T02:39:00,24.208,40.165,1011.804,sample
2024-03-02T02:40:00,24.201,40.246,1011.792,sample
2024-03-02T02:41:00,24.200,40.350,1011.809,sample
2024-03-02T02:42:00,24.204,40.472,1011.793,sample
2024-03-02T02:43:00,24.202,40.619,1011.794,sample
2024-03-02T02:44:00,24.196,40.769,1011.795,sample
2024-03-02T02:45:00,24.208,40.947,1011.809,sample
2024-03-02T02:46:00,24.208,41.140,1011.805,sample
2024-03-02T02:47:00,24.190,41.356,1011.803,sample
2024-03-02T02:48:00,24.193,41.579,1011.791,sample
2024-03-02T02:49:00,24.193,41.815,1011.803,sample
2024-03-02T02:50:00,24.209,42.063,1011.803,sample
2024-03-02T02:51:00,24.200,42.316,1011.801,sample
2024-03-02T02:52:00,24.195,42.584,1011.807,sample
2024-03-02T02:53:00,24.198,42.862,1011.799,sample
2024-03-02T02:54:00,24.209,43.154,1011.793,sample
2024-03-02T02:55:00,24.205,43.447,1011.800,sample
2024-03-02T02:56:00,24.208,43.763,1011.809,sample
2024-03-02T02:57:00,24.197,44.072,1011.803,sample
2024-03-02T02:58:00,24.198,44.383,1011.800,sample
2024-03-02T02:59:00,24.209,44.694,1011.803,sample
2024-03-02T03:30:00,24.210,49.762,1011.802,sample
2024-03-02T03:31:00,24.195,49.652,1011.808,sample
2024-03-02T03:32:00,24.209,49.528,1011.798,sample
2024-03-02T03:33:00,24.191,49.381,1011.804,sample
2024-03-02T03:34:00,24.196,49.219,1011.800,sample
2024-03-02T03:35:00,24.195,49.038,1011.802,sample
2024-03-02T03:36:00,24.200,48.855,1011.801,sample
2024-03-02T03:37:00,24.200,48.641,1011.809,sample
2024-03-02T03:38:00,24.205,48.423,1011.801,sample
2024-03-02T03:39:00,24.209,48.195,1011.802,sample
2024-03-02T03:40:00,24.194,47.942,1011.798,sample
2024-03-02T03:41:00,24.195,47.672,1011.798,sample
2024-03-02T03:42:00,24.208,47.417,1011.796,sample
2024-03-02T03:43:00,24.197,47.121,1011.799,sample
2024-03-02T03:44:00,24.191,46.838,1011.799,sample
2024-03-02T03:45:00,24.196,46.536,1011.801,sample
2024-03-02T03:46:00,24.203,46.236,1011.807,sample
2024-03-02T03:47:00,24.206,45.934,1011.804,sample
2024-03-02T03:48:00,24.208,45.634,1011.796,sample
2024-03-02T03:49:00,24.206,45.322,1011.791,sample
2024-03-02T03:50:00,24.208,44.997,1011.792,sample
2024-03-02T03:51:00,24.193,44.696,1011.801,sample
2024-03-02T03:52:00,24.196,44.376,1011.791,sample
2024-03-02T03:53:00,24.198,44.069,1011.797,sample
2024-03-02T03:54:00,24.199,43.758,1011.798,sample
2024-03-02T03:55:00,24.201,43.451,1011.802,sample
2024-03-02T03:56:00,24.195,43.161,1011.801,sample
2024-03-02T03:57:00,24.204,42.866,1011.804,sample
2024-03-02T03:58:00,24.196,42.590,1011.796,sample
2024-03-02T03:59:00,24.210,42.328,1011.809,sample
2024-03-02T04:00:00,24.191,42.054,1011.807,sample
2024-03-02T04:01:00,24.192,41.814,1011.805,sample
2024-03-02T04:02:00,24.208,41.583,1011.799,sample
2024-03-02T04:03:00,24.201,41.350,1011.791,sample
2024-03-02T04:04:00,24.198,41.147,1011.800,sample
2024-03-02T04:05:00,24.195,40.961,1011.805,sample
2024-03-02T04:06:00,24.205,40.782,1011.802,sample
2024-03-02T04:07:00,24.202,40.610,1011.801,sample
2024-03-02T04:08:00,24.202,40.481,1011.800,sample
2024-03-02T04:09:00,24.207,40.353,1011.802,sample
2024-03-02T04:10:00,24.194,40.253,1011.796,sample
2024-03-02T04:11:00,24.206,40.159,1011.793,sample
2024-03-02T04:12:00,24.202,40.091,1011.794,sample
2024-03-02T04:13:00,24.201,40.042,1011.804,sample
2024-03-02T04:14:00,24.196,40.020,1011.791,sample
2024-03-02T04:15:00,24.192,39.994,1011.803,sample
2024-03-02T04:16:00,24.197,40.005,1011.809,sample
2024-03-02T04:17:00,24.210,40.045,1011.796,sample
2024-03-02T04:18:00,24.198,40.088,1011.809,sample
2024-03-02T04:19:00,24.206,40.152,1011.806,sample
2024-03-02T04:20:00,24.203,40.251,1011.806,sample
2024-03-02T04:21:00,24.208,40.357,1011.807,sample
2024-03-02T04:22:00,24.200,40.478,1011.808,sample
2024-03-02T04:23:00,24.204,40.610,1011.805,sample
2024-03-02T04:24:00,24.194,40.772,1011.807,sample
2024-03-02T04:25:00,24.201,40.956,1011.791,sample
2024-03-02T04:26:00,24.205,41.152,1011.802,sample
2024-03-02T04:27:00,24.194,41.348,1011.793,sample
2024-03-02T04:28:00,24.191,41.568,1011.807,sample
2024-03-02T04:29:00,24.209,41.822,1011.799,sample
2024-03-02T04:30:00,24.210,42.070,1011.799,sample
2024-03-02T04:31:00,24.210,42.315,1011.798,sample
2024-03-02T04:32:00,24.208,42.592,1011.803,sample
2024-03-02T04:33:00,24.204,42.869,1011.798,sample
2024-03-02T04:34:00,24.210,43.161,1011.802,sample
2024-03-02T04:35:00,24.204,43.458,1011.804,sample
2024-03-02T04:36:00,24.207,43.766,1011.800,sample
2024-03-02T04:37:00,24.201,44.055,1011.797,sample
2024-03-02T04:38:00,24.198,44.366,1011.807,sample
2024-03-02T04:39:00,24.196,44.686,1011.802,sample
2024-03-02T04:40:00,24.202,45.004,1011.810,sample
2024-03-02T04:41:00,24.202,45.319,1011.800,sample
2024-03-02T04:42:00,24.198,45.624,1011.807,sample
2024-03-02T04:43:00,24.207,45.930,1011.800,sample
2024-03-02T04:44:00,24.210,46.250,1011.805,sample
2024-03-02T04:45:00,24.200,46.552,1011.792,sample
2024-03-02T04:46:00,24.202,46.849,1011.797,sample
2024-03-02T04:47:00,24.200,47.119,1011.802,sample
2024-03-02T04:48:00,24.198,47.410,1011.796,sample
2024-03-02T04:49:00,24.205,47.687,1011.801,sample
2024-03-02T04:50:00,24.206,47.936,1011.795,sample
2024-03-02T04:51:00,24.202,48.194,1011.809,sample
2024-03-02T04:52:00,24.205,48.424,1011.807,sample
2024-03-02T04:53:00,24.195,48.649,1011.810,sample
2024-03-02T04:54:00,24.193,48.862,1011.798,sample
2024-03-02T04:55:00,24.198,49.046,1011.793,sample
2024-03-02T04:56:00,24.209,49.228,1011.804,sample
2024-03-02T04:57:00,24.210,49.376,1011.794,sample
2024-03-02T04:58:00,24.206,49.522,1011.795,sample
2024-03-02T04:59:00,24.201,49.656,1011.806,sample
2024-03-02T05:00:00,24.200,49.756,1011.791,sample
2024-03-02T05:01:00,24.192,49.844,1011.794,sample
2024-03-02T05:02:00,24.204,49.902,1011.803,sample
2024-03-02T05:03:00,24.207,49.953,1011.793,sample
2024-03-02T05:04:00,24.202,49.996,1011.807,sample
2024-03-02T05:05:00,24.198,49.999,1011.806,sample
2024-03-02T05:06:00,24.201,49.999,1011.794,sample
2024-03-02T05:07:00,24.202,49.953,1011.793,sample
2024-03-02T05:08:00,24.204,49.919,1011.804,sample
2024-03-02T05:09:00,24.209,49.838,1011.791,sample
2024-03-02T05:10:00,24.194,49.745,1011.802,sample
2024-03-02T05:11:00,24.208,49.643,1011.803,sample
2024-03-02T05:12:00,24.197,49.530,1011.808,sample
2024-03-02T05:13:00,24.205,49.376,1011.807,sample
2024-03-02T05:14:00,24.207,49.231,1011.798,sample
2024-03-02T05:15:00,24.190,49.052,1011.793,sample
2024-03-02T05:16:00,24.197,48.854,1011.795,sample
2024-03-02T05:17:00,24.195,48.651,1011.797,sample
2024-03-02T05:18:00,24.203,48.413,1011.804,sample
2024-03-02T05:19:00,24.199,48.194,1011.797,sample
2024-03-02T05:20:00,24.202,47.945,1011.800,sample
2024-03-02T05:21:00,24.203,47.688,1011.798,sample
2024-03-02T05:22:00,24.207,47.419,1011.793,sample
2024-03-02T05:23:00,24.196,47.123,1011.803,sample
2024-03-02T05:24:00,24.199,46.836,1011.804,sample
2024-03-02T05:25:00,24.196,46.538,1011.795,sample
2024-03-02T05:26:00,24.208,46.238,1011.806,sample
2024-03-02T05:27:00,24.195,45.930,1011.802,sample
2024-03-02T05:28:00,24.199,45.629,1011.799,sample
2024-03-02T05:29:00,24.202,45.314,1011.805,sample
2024-03-02T05:30:00,24.194,45.003,1011.793,sample
2024-03-02T05:31:00,24.204,44.684,1011.806,sample
2024-03-02T05:32:00,24.202,44.365,1011.799,sample
2024-03-02T05:33:00,24.209,44.069,1011.793,sample
2024-03-02T05:34:00,24.201,43.756,1011.793,sample
2024-03-02T05:35:00,24.205,43.452,1011.797,sample
2024-03-02T05:36:00,24.196,43.162,1011.803,sample
2024-03-02T05:37:00,24.204,42.881,1011.798,sample
2024-03-02T05:38:00,24.193,42.589,1011.806,sample
2024-03-02T05:39:00,24.194,42.313,1011.794,sample
2024-03-02T05:40:00,24.200,42.066,1011.801,sample
2024-03-02T05:41:00,24.202,41.819,1011.805,sample
2024-03-02T05:42:00,24.202,41.575,1011.809,sample
2024-03-02T05:43:00,24.203,41.357,1011.809,sample
2024-03-02T05:44:00,24.198,41.142,1011.805,sample
2024-03-02T05:45:00,24.200,40.952,1011.794,sample
2024-03-02T05:46:00,24.198,40.778,1011.809,sample
2024-03-02T05:47:00,24.200,40.627,1011.793,sample
2024-03-02T05:48:00,24.204,40.485,1011.795,sample
2024-03-02T05:49:00,24.198,40.347,1011.804,sample
2024-03-02T05:50:00,24.207,40.254,1011.810,sample
2024-03-02T05:51:00,24.199,40.147,1011.797,sample
2024-03-02T05:52:00,24.191,40.090,1011.795,sample
2024-03-02T05:53:00,24.201,40.032,1011.792,sample
2024-03-02T05:54:00,24.203,40.020,1011.806,sample
2024-03-02T05:55:00,24.201,40.003,1011.807,sample
2024-03-02T05:56:00,24.207,40.003,1011.800,sample
2024-03-02T05:57:00,24.201,40.047,1011.791,sample
2024-03-02T05:58:00,24.208,40.079,1011.808,sample
2024-03-02T05:59:00,24.198,40.150,1011.794,sample
